GEO.id,GEO.id2,GEO.display-label,HC01_EST_VC02,HC01_MOE_VC02,HC02_EST_VC02,HC02_MOE_VC02,HC01_EST_VC04,HC01_MOE_VC04,HC02_EST_VC04,HC02_MOE_VC04,HC01_EST_VC05,HC01_MOE_VC05,HC02_EST_VC05,HC02_MOE_VC05,HC01_EST_VC06,HC01_MOE_VC06,HC02_EST_VC06,HC02_MOE_VC06,HC01_EST_VC07,HC01_MOE_VC07,HC02_EST_VC07,HC02_MOE_VC07,HC01_EST_VC08,HC01_MOE_VC08,HC02_EST_VC08,HC02_MOE_VC08,HC01_EST_VC09,HC01_MOE_VC09,HC02_EST_VC09,HC02_MOE_VC09,HC01_EST_VC10,HC01_MOE_VC10,HC02_EST_VC10,HC02_MOE_VC10,HC01_EST_VC11,HC01_MOE_VC11,HC02_EST_VC11,HC02_MOE_VC11,HC01_EST_VC12,HC01_MOE_VC12,HC02_EST_VC12,HC02_MOE_VC12,HC01_EST_VC14,HC01_MOE_VC14,HC02_EST_VC14,HC02_MOE_VC14,HC01_EST_VC15,HC01_MOE_VC15,HC02_EST_VC15,HC02_MOE_VC15,HC01_EST_VC16,HC01_MOE_VC16,HC02_EST_VC16,HC02_MOE_VC16,HC01_EST_VC17,HC01_MOE_VC17,HC02_EST_VC17,HC02_MOE_VC17,HC01_EST_VC19,HC01_MOE_VC19,HC02_EST_VC19,HC02_MOE_VC19,HC01_EST_VC20,HC01_MOE_VC20,HC02_EST_VC20,HC02_MOE_VC20,HC01_EST_VC21,HC01_MOE_VC21,HC02_EST_VC21,HC02_MOE_VC21,HC01_EST_VC22,HC01_MOE_VC22,HC02_EST_VC22,HC02_MOE_VC22,HC01_EST_VC23,HC01_MOE_VC23,HC02_EST_VC23,HC02_MOE_VC23,HC01_EST_VC24,HC01_MOE_VC24,HC02_EST_VC24,HC02_MOE_VC24,HC01_EST_VC26,HC01_MOE_VC26,HC02_EST_VC26,HC02_MOE_VC26,HC01_EST_VC27,HC01_MOE_VC27,HC02_EST_VC27,HC02_MOE_VC27,HC01_EST_VC28,HC01_MOE_VC28,HC02_EST_VC28,HC02_MOE_VC28,HC01_EST_VC29,HC01_MOE_VC29,HC02_EST_VC29,HC02_MOE_VC29,HC01_EST_VC30,HC01_MOE_VC30,HC02_EST_VC30,HC02_MOE_VC30,HC01_EST_VC31,HC01_MOE_VC31,HC02_EST_VC31,HC02_MOE_VC31,HC01_EST_VC32,HC01_MOE_VC32,HC02_EST_VC32,HC02_MOE_VC32,HC01_EST_VC34,HC01_MOE_VC34,HC02_EST_VC34,HC02_MOE_VC34,HC01_EST_VC35,HC01_MOE_VC35,HC02_EST_VC35,HC02_MOE_VC35,HC01_EST_VC36,HC01_MOE_VC36,HC02_EST_VC36,HC02_MOE_VC36
Id,Id2,Geography,Total; Estimate; HOUSEHOLD INCOME BY RACE AND HISPANIC OR LATINO ORIGIN OF HOUSEHOLDER - Households,Total; Margin of Error; HOUSEHOLD INCOME BY RACE AND HISPANIC OR LATINO ORIGIN OF HOUSEHOLDER - Households,Median income (dollars); Estimate; HOUSEHOLD INCOME BY RACE AND HISPANIC OR LATINO ORIGIN OF HOUSEHOLDER - Households,Median income (dollars); Margin of Error; HOUSEHOLD INCOME BY RACE AND HISPANIC OR LATINO ORIGIN OF HOUSEHOLDER - Households,Total; Estimate; HOUSEHOLD INCOME BY RACE AND HISPANIC OR LATINO ORIGIN OF HOUSEHOLDER - Households - One race-- - White,Total; Margin of Error; HOUSEHOLD INCOME BY RACE AND HISPANIC OR LATINO ORIGIN OF HOUSEHOLDER - Households - One race-- - White,Median income (dollars); Estimate; HOUSEHOLD INCOME BY RACE AND HISPANIC OR LATINO ORIGIN OF HOUSEHOLDER - Households - One race-- - White,Median income (dollars); Margin of Error; HOUSEHOLD INCOME BY RACE AND HISPANIC OR LATINO ORIGIN OF HOUSEHOLDER - Households - One race-- - White,Total; Estimate; HOUSEHOLD INCOME BY RACE AND HISPANIC OR LATINO ORIGIN OF HOUSEHOLDER - Households - One race-- - Black or African American,Total; Margin of Error; HOUSEHOLD INCOME BY RACE AND HISPANIC OR LATINO ORIGIN OF HOUSEHOLDER - Households - One race-- - Black or African American,Median income (dollars); Estimate; HOUSEHOLD INCOME BY RACE AND HISPANIC OR LATINO ORIGIN OF HOUSEHOLDER - Households - One race-- - Black or African American,Median income (dollars); Margin of Error; HOUSEHOLD INCOME BY RACE AND HISPANIC OR LATINO ORIGIN OF HOUSEHOLDER - Households - One race-- - Black or African American,Total; Estimate; HOUSEHOLD INCOME BY RACE AND HISPANIC OR LATINO ORIGIN OF HOUSEHOLDER - Households - One race-- - American Indian and Alaska Native,Total; Margin of Error; HOUSEHOLD INCOME BY RACE AND HISPANIC OR LATINO ORIGIN OF HOUSEHOLDER - Households - One race-- - American Indian and Alaska Native,Median income (dollars); Estimate; HOUSEHOLD INCOME BY RACE AND HISPANIC OR LATINO ORIGIN OF HOUSEHOLDER - Households - One race-- - American Indian and Alaska Native,Median income (dollars); Margin of Error; HOUSEHOLD INCOME BY RACE AND HISPANIC OR LATINO ORIGIN OF HOUSEHOLDER - Households - One race-- - American Indian and Alaska Native,Total; Estimate; HOUSEHOLD INCOME BY RACE AND HISPANIC OR LATINO ORIGIN OF HOUSEHOLDER - Households - One race-- - Asian,Total; Margin of Error; HOUSEHOLD INCOME BY RACE AND HISPANIC OR LATINO ORIGIN OF HOUSEHOLDER - Households - One race-- - Asian,Median income (dollars); Estimate; HOUSEHOLD INCOME BY RACE AND HISPANIC OR LATINO ORIGIN OF HOUSEHOLDER - Households - One race-- - Asian,Median income (dollars); Margin of Error; HOUSEHOLD INCOME BY RACE AND HISPANIC OR LATINO ORIGIN OF HOUSEHOLDER - Households - One race-- - Asian,Total; Estimate; HOUSEHOLD INCOME BY RACE AND HISPANIC OR LATINO ORIGIN OF HOUSEHOLDER - Households - One race-- - Native Hawaiian and Other Pacific Islander,Total; Margin of Error; HOUSEHOLD INCOME BY RACE AND HISPANIC OR LATINO ORIGIN OF HOUSEHOLDER - Households - One race-- - Native Hawaiian and Other Pacific Islander,Median income (dollars); Estimate; HOUSEHOLD INCOME BY RACE AND HISPANIC OR LATINO ORIGIN OF HOUSEHOLDER - Households - One race-- - Native Hawaiian and Other Pacific Islander,Median income (dollars); Margin of Error; HOUSEHOLD INCOME BY RACE AND HISPANIC OR LATINO ORIGIN OF HOUSEHOLDER - Households - One race-- - Native Hawaiian and Other Pacific Islander,Total; Estimate; HOUSEHOLD INCOME BY RACE AND HISPANIC OR LATINO ORIGIN OF HOUSEHOLDER - Households - One race-- - Some other race,Total; Margin of Error; HOUSEHOLD INCOME BY RACE AND HISPANIC OR LATINO ORIGIN OF HOUSEHOLDER - Households - One race-- - Some other race,Median income (dollars); Estimate; HOUSEHOLD INCOME BY RACE AND HISPANIC OR LATINO ORIGIN OF HOUSEHOLDER - Households - One race-- - Some other race,Median income (dollars); Margin of Error; HOUSEHOLD INCOME BY RACE AND HISPANIC OR LATINO ORIGIN OF HOUSEHOLDER - Households - One race-- - Some other race,Total; Estimate; HOUSEHOLD INCOME BY RACE AND HISPANIC OR LATINO ORIGIN OF HOUSEHOLDER - Households - Two or more races,Total; Margin of Error; HOUSEHOLD INCOME BY RACE AND HISPANIC OR LATINO ORIGIN OF HOUSEHOLDER - Households - Two or more races,Median income (dollars); Estimate; HOUSEHOLD INCOME BY RACE AND HISPANIC OR LATINO ORIGIN OF HOUSEHOLDER - Households - Two or more races,Median income (dollars); Margin of Error; HOUSEHOLD INCOME BY RACE AND HISPANIC OR LATINO ORIGIN OF HOUSEHOLDER - Households - Two or more races,Total; Estimate; HOUSEHOLD INCOME BY RACE AND HISPANIC OR LATINO ORIGIN OF HOUSEHOLDER - Households - Hispanic or Latino origin (of any race),Total; Margin of Error; HOUSEHOLD INCOME BY RACE AND HISPANIC OR LATINO ORIGIN OF HOUSEHOLDER - Households - Hispanic or Latino origin (of any race),Median income (dollars); Estimate; HOUSEHOLD INCOME BY RACE AND HISPANIC OR LATINO ORIGIN OF HOUSEHOLDER - Households - Hispanic or Latino origin (of any race),Median income (dollars); Margin of Error; HOUSEHOLD INCOME BY RACE AND HISPANIC OR LATINO ORIGIN OF HOUSEHOLDER - Households - Hispanic or Latino origin (of any race),"Total; Estimate; HOUSEHOLD INCOME BY RACE AND HISPANIC OR LATINO ORIGIN OF HOUSEHOLDER - Households - White alone, not Hispanic or Latino","Total; Margin of Error; HOUSEHOLD INCOME BY RACE AND HISPANIC OR LATINO ORIGIN OF HOUSEHOLDER - Households - White alone, not Hispanic or Latino","Median income (dollars); Estimate; HOUSEHOLD INCOME BY RACE AND HISPANIC OR LATINO ORIGIN OF HOUSEHOLDER - Households - White alone, not Hispanic or Latino","Median income (dollars); Margin of Error; HOUSEHOLD INCOME BY RACE AND HISPANIC OR LATINO ORIGIN OF HOUSEHOLDER - Households - White alone, not Hispanic or Latino",Total; Estimate; HOUSEHOLD INCOME BY AGE OF HOUSEHOLDER - 15 to 24 years,Total; Margin of Error; HOUSEHOLD INCOME BY AGE OF HOUSEHOLDER - 15 to 24 years,Median income (dollars); Estimate; HOUSEHOLD INCOME BY AGE OF HOUSEHOLDER - 15 to 24 years,Median income (dollars); Margin of Error; HOUSEHOLD INCOME BY AGE OF HOUSEHOLDER - 15 to 24 years,Total; Estimate; HOUSEHOLD INCOME BY AGE OF HOUSEHOLDER - 25 to 44 years,Total; Margin of Error; HOUSEHOLD INCOME BY AGE OF HOUSEHOLDER - 25 to 44 years,Median income (dollars); Estimate; HOUSEHOLD INCOME BY AGE OF HOUSEHOLDER - 25 to 44 years,Median income (dollars); Margin of Error; HOUSEHOLD INCOME BY AGE OF HOUSEHOLDER - 25 to 44 years,Total; Estimate; HOUSEHOLD INCOME BY AGE OF HOUSEHOLDER - 45 to 64 years,Total; Margin of Error; HOUSEHOLD INCOME BY AGE OF HOUSEHOLDER - 45 to 64 years,Median income (dollars); Estimate; HOUSEHOLD INCOME BY AGE OF HOUSEHOLDER - 45 to 64 years,Median income (dollars); Margin of Error; HOUSEHOLD INCOME BY AGE OF HOUSEHOLDER - 45 to 64 years,Total; Estimate; HOUSEHOLD INCOME BY AGE OF HOUSEHOLDER - 65 years and over,Total; Margin of Error; HOUSEHOLD INCOME BY AGE OF HOUSEHOLDER - 65 years and over,Median income (dollars); Estimate; HOUSEHOLD INCOME BY AGE OF HOUSEHOLDER - 65 years and over,Median income (dollars); Margin of Error; HOUSEHOLD INCOME BY AGE OF HOUSEHOLDER - 65 years and over,Total; Estimate; FAMILIES - Families,Total; Margin of Error; FAMILIES - Families,Median income (dollars); Estimate; FAMILIES - Families,Median income (dollars); Margin of Error; FAMILIES - Families,Total; Estimate; FAMILIES - Families - With own children under 18 years,Total; Margin of Error; FAMILIES - Families - With own children under 18 years,Median income (dollars); Estimate; FAMILIES - Families - With own children under 18 years,Median income (dollars); Margin of Error; FAMILIES - Families - With own children under 18 years,Total; Estimate; FAMILIES - Families - With no own children under 18 years,Total; Margin of Error; FAMILIES - Families - With no own children under 18 years,Median income (dollars); Estimate; FAMILIES - Families - With no own children under 18 years,Median income (dollars); Margin of Error; FAMILIES - Families - With no own children under 18 years,Total; Estimate; FAMILIES - Families - Married-couple families,Total; Margin of Error; FAMILIES - Families - Married-couple families,Median income (dollars); Estimate; FAMILIES - Families - Married-couple families,Median income (dollars); Margin of Error; FAMILIES - Families - Married-couple families,"Total; Estimate; FAMILIES - Families - Female householder, no husband present","Total; Margin of Error; FAMILIES - Families - Female householder, no husband present","Median income (dollars); Estimate; FAMILIES - Families - Female householder, no husband present","Median income (dollars); Margin of Error; FAMILIES - Families - Female householder, no husband present","Total; Estimate; FAMILIES - Families - Male householder, no wife present","Total; Margin of Error; FAMILIES - Families - Male householder, no wife present","Median income (dollars); Estimate; FAMILIES - Families - Male householder, no wife present","Median income (dollars); Margin of Error; FAMILIES - Families - Male householder, no wife present",Total; Estimate; NONFAMILY HOUSEHOLDS - Nonfamily households,Total; Margin of Error; NONFAMILY HOUSEHOLDS - Nonfamily households,Median income (dollars); Estimate; NONFAMILY HOUSEHOLDS - Nonfamily households,Median income (dollars); Margin of Error; NONFAMILY HOUSEHOLDS - Nonfamily households,Total; Estimate; NONFAMILY HOUSEHOLDS - Nonfamily households - Female householder,Total; Margin of Error; NONFAMILY HOUSEHOLDS - Nonfamily households - Female householder,Median income (dollars); Estimate; NONFAMILY HOUSEHOLDS - Nonfamily households - Female householder,Median income (dollars); Margin of Error; NONFAMILY HOUSEHOLDS - Nonfamily households - Female householder,Total; Estimate; NONFAMILY HOUSEHOLDS - Nonfamily households - Female householder - Living alone,Total; Margin of Error; NONFAMILY HOUSEHOLDS - Nonfamily households - Female householder - Living alone,Median income (dollars); Estimate; NONFAMILY HOUSEHOLDS - Nonfamily households - Female householder - Living alone,Median income (dollars); Margin of Error; NONFAMILY HOUSEHOLDS - Nonfamily households - Female householder - Living alone,Total; Estimate; NONFAMILY HOUSEHOLDS - Nonfamily households - Female householder - Not living alone,Total; Margin of Error; NONFAMILY HOUSEHOLDS - Nonfamily households - Female householder - Not living alone,Median income (dollars); Estimate; NONFAMILY HOUSEHOLDS - Nonfamily households - Female householder - Not living alone,Median income (dollars); Margin of Error; NONFAMILY HOUSEHOLDS - Nonfamily households - Female householder - Not living alone,Total; Estimate; NONFAMILY HOUSEHOLDS - Nonfamily households - Male householder,Total; Margin of Error; NONFAMILY HOUSEHOLDS - Nonfamily households - Male householder,Median income (dollars); Estimate; NONFAMILY HOUSEHOLDS - Nonfamily households - Male householder,Median income (dollars); Margin of Error; NONFAMILY HOUSEHOLDS - Nonfamily households - Male householder,Total; Estimate; NONFAMILY HOUSEHOLDS - Nonfamily households - Male householder - Living alone,Total; Margin of Error; NONFAMILY HOUSEHOLDS - Nonfamily households - Male householder - Living alone,Median income (dollars); Estimate; NONFAMILY HOUSEHOLDS - Nonfamily households - Male householder - Living alone,Median income (dollars); Margin of Error; NONFAMILY HOUSEHOLDS - Nonfamily households - Male householder - Living alone,Total; Estimate; NONFAMILY HOUSEHOLDS - Nonfamily households - Male householder - Not living alone,Total; Margin of Error; NONFAMILY HOUSEHOLDS - Nonfamily households - Male householder - Not living alone,Median income (dollars); Estimate; NONFAMILY HOUSEHOLDS - Nonfamily households - Male householder - Not living alone,Median income (dollars); Margin of Error; NONFAMILY HOUSEHOLDS - Nonfamily households - Male householder - Not living alone,Total; Estimate; PERCENT IMPUTED - Household income in the past 12 months,Total; Margin of Error; PERCENT IMPUTED - Household income in the past 12 months,Median income (dollars); Estimate; PERCENT IMPUTED - Household income in the past 12 months,Median income (dollars); Margin of Error; PERCENT IMPUTED - Household income in the past 12 months,Total; Estimate; PERCENT IMPUTED - Family income in the past 12 months,Total; Margin of Error; PERCENT IMPUTED - Family income in the past 12 months,Median income (dollars); Estimate; PERCENT IMPUTED - Family income in the past 12 months,Median income (dollars); Margin of Error; PERCENT IMPUTED - Family income in the past 12 months,Total; Estimate; PERCENT IMPUTED - Nonfamily income in the past 12 months,Total; Margin of Error; PERCENT IMPUTED - Nonfamily income in the past 12 months,Median income (dollars); Estimate; PERCENT IMPUTED - Nonfamily income in the past 12 months,Median income (dollars); Margin of Error; PERCENT IMPUTED - Nonfamily income in the past 12 months
0400000US01,01,Alabama,,,,,,,,,,,,,,,,,,,,,$N,$N,,,,,,,,,,,,,,,,,,,,,,,,,,,,,,,,,,,,,,,,,,,,,,,,,,,,,,,,,,,,,,,,,,,,,,,,,,,,,,,,,,,,,,,,$(X),,$(X),,$(X),,$(X),,$(X),,$(X)
0400000US02,02,Alaska,,,,,,,,,,,,,,,,,,,,,$N,$N,,,,,,,,,,,,,,,,,,,,,,,,,,,,,,,,,,,,,,,,,,,,,,,,,,,,,,,,,,,,,,,,,,,,,,,,,,,,,,,,,,,,,,,,$(X),,$(X),,$(X),,$(X),,$(X),,$(X)
0400000US04,04,Arizona,,,,,,,,,,,,,,,,,,,,,,,,,,,,,,,,,,,,,,,,,,,,,,,,,,,,,,,,,,,,,,,,,,,,,,,,,,,,,,,,,,,,,,,,,,,,,,,,,,,,,,,,,,,,,,$(X),,$(X),,$(X),,$(X),,$(X),,$(X)
0400000US05,05,Arkansas,,,,,,,,,,,,,,,,,,,,,$N,$N,,,,,,,,,,,,,,,,,,,,,,,,,,,,,,,,,,,,,,,,,,,,,,,,,,,,,,,,,,,,,,,,,,,,,,,,,,,,,,,,,,,,,,,,$(X),,$(X),,$(X),,$(X),,$(X),,$(X)
0400000US06,06,California,,,,,,,,,,,,,,,,,,,,,,,,,,,,,,,,,,,,,,,,,,,,,,,,,,,,,,,,,,,,,,,,,,,,,,,,,,,,,,,,,,,,,,,,,,,,,,,,,,,,,,,,,,,,,,$(X),,$(X),,$(X),,$(X),,$(X),,$(X)
0400000US08,08,Colorado,,,,,,,,,,,,,,,,,,,,,,,,,,,,,,,,,,,,,,,,,,,,,,,,,,,,,,,,,,,,,,,,,,,,,,,,,,,,,,,,,,,,,,,,,,,,,,,,,,,,,,,,,,,,,,$(X),,$(X),,$(X),,$(X),,$(X),,$(X)
0400000US09,09,Connecticut,,,,,,,,,,,,,,,,,,,,,$N,$N,,,,,,,,,,,,,,,,,,,,,,,,,,,,,,,,,,,,,,,,,,,,,,,,,,,,,,,,,,,,,,,,,,,,,,,,,,,,,,,,,,,,,,,,$(X),,$(X),,$(X),,$(X),,$(X),,$(X)
0400000US10,10,Delaware,,,,,,,,,,,,,,,,,,,,,$N,$N,,,,,,,,,,,,,,,,,,,,,,,,,,,,,,,,,,,,,,,,,,,,,,,,,,,,,,,,,,,,,,,,,,,,,,,,,,,,,,,,,,,,,,,,$(X),,$(X),,$(X),,$(X),,$(X),,$(X)
0400000US11,11,District of Columbia,,,,,,,,,,,,,,,,,,,,,$N,$N,,,,,,,,,,,,,,,,,,,,,,,,,,,,,,,,,,,,,,,,,,,,,,,,,,,,,,,,,,,,,,,,,,,,,,,,,,,,,,,,,,,,,,,,$(X),,$(X),,$(X),,$(X),,$(X),,$(X)
0400000US12,12,Florida,,,,,,,,,,,,,,,,,,,,,,,,,,,,,,,,,,,,,,,,,,,,,,,,,,,,,,,,,,,,,,,,,,,,,,,,,,,,,,,,,,,,,,,,,,,,,,,,,,,,,,,,,,,,,,$(X),,$(X),,$(X),,$(X),,$(X),,$(X)
0400000US13,13,Georgia,,,,,,,,,,,,,,,,,,,,,$N,$N,,,,,,,,,,,,,,,,,,,,,,,,,,,,,,,,,,,,,,,,,,,,,,,,,,,,,,,,,,,,,,,,,,,,,,,,,,,,,,,,,,,,,,,,$(X),,$(X),,$(X),,$(X),,$(X),,$(X)
0400000US15,15,Hawaii,,,,,,,,,,,,,,,,,,,,,,,,,,,,,,,,,,,,,,,,,,,,,,,,,,,,,,,,,,,,,,,,,,,,,,,,,,,,,,,,,,,,,,,,,,,,,,,,,,,,,,,,,,,,,,$(X),,$(X),,$(X),,$(X),,$(X),,$(X)
0400000US16,16,Idaho,,,,,,,,,,,,,,,,,,,,,$N,$N,,,,,,,,,,,,,,,,,,,,,,,,,,,,,,,,,,,,,,,,,,,,,,,,,,,,,,,,,,,,,,,,,,,,,,,,,,,,,,,,,,,,,,,,$(X),,$(X),,$(X),,$(X),,$(X),,$(X)
0400000US17,17,Illinois,,,,,,,,,,,,,,,,,,,,,,,,,,,,,,,,,,,,,,,,,,,,,,,,,,,,,,,,,,,,,,,,,,,,,,,,,,,,,,,,,,,,,,,,,,,,,,,,,,,,,,,,,,,,,,$(X),,$(X),,$(X),,$(X),,$(X),,$(X)
0400000US18,18,Indiana,,,,,,,,,,,,,,,,,,,,,$N,$N,,,,,,,,,,,,,,,,,,,,,,,,,,,,,,,,,,,,,,,,,,,,,,,,,,,,,,,,,,,,,,,,,,,,,,,,,,,,,,,,,,,,,,,,$(X),,$(X),,$(X),,$(X),,$(X),,$(X)
0400000US19,19,Iowa,,,,,,,,,,,,,,,,,,,,,$N,$N,,,,,,,,,,,,,,,,,,,,,,,,,,,,,,,,,,,,,,,,,,,,,,,,,,,,,,,,,,,,,,,,,,,,,,,,,,,,,,,,,,,,,,,,$(X),,$(X),,$(X),,$(X),,$(X),,$(X)
0400000US20,20,Kansas,,,,,,,,,,,,,,,,,,,,,$N,$N,,,,,,,,,,,,,,,,,,,,,,,,,,,,,,,,,,,,,,,,,,,,,,,,,,,,,,,,,,,,,,,,,,,,,,,,,,,,,,,,,,,,,,,,$(X),,$(X),,$(X),,$(X),,$(X),,$(X)
0400000US21,21,Kentucky,,,,,,,,,,,,,,,,,,,,,$N,$N,,,,,,,,,,,,,,,,,,,,,,,,,,,,,,,,,,,,,,,,,,,,,,,,,,,,,,,,,,,,,,,,,,,,,,,,,,,,,,,,,,,,,,,,$(X),,$(X),,$(X),,$(X),,$(X),,$(X)
0400000US22,22,Louisiana,,,,,,,,,,,,,,,,,,,,,$N,$N,,,,,,,,,,,,,,,,,,,,,,,,,,,,,,,,,,,,,,,,,,,,,,,,,,,,,,,,,,,,,,,,,,,,,,,,,,,,,,,,,,,,,,,,$(X),,$(X),,$(X),,$(X),,$(X),,$(X)
0400000US23,23,Maine,,,,,,,,,,,,,,,,,,,,,$N,$N,,,,,,,,,,,,,,,,,,,,,,,,,,,,,,,,,,,,,,,,,,,,,,,,,,,,,,,,,,,,,,,,,,,,,,,,,,,,,,,,,,,,,,,,$(X),,$(X),,$(X),,$(X),,$(X),,$(X)
0400000US24,24,Maryland,,,,,,,,,,,,,,,,,,,,,$N,$N,,,,,,,,,,,,,,,,,,,,,,,,,,,,,,,,,,,,,,,,,,,,,,,,,,,,,,,,,,,,,,,,,,,,,,,,,,,,,,,,,,,,,,,,$(X),,$(X),,$(X),,$(X),,$(X),,$(X)
0400000US25,25,Massachusetts,,,,,,,,,,,,,,,,,,,,,$N,$N,$N,$N,,,,,,,,,,,,,,,,,,,,,,,,,,,,,,,,,,,,,,,,,,,,,,,,,,,,,,,,,,,,,,,,,,,,,,,,,,,,,,,,,,,,,,$(X),,$(X),,$(X),,$(X),,$(X),,$(X)
0400000US26,26,Michigan,,,,,,,,,,,,,,,,,,,,,,,,,,,,,,,,,,,,,,,,,,,,,,,,,,,,,,,,,,,,,,,,,,,,,,,,,,,,,,,,,,,,,,,,,,,,,,,,,,,,,,,,,,,,,,$(X),,$(X),,$(X),,$(X),,$(X),,$(X)
0400000US27,27,Minnesota,,,,,,,,,,,,,,,,,,,,,$N,$N,,,,,,,,,,,,,,,,,,,,,,,,,,,,,,,,,,,,,,,,,,,,,,,,,,,,,,,,,,,,,,,,,,,,,,,,,,,,,,,,,,,,,,,,$(X),,$(X),,$(X),,$(X),,$(X),,$(X)
0400000US28,28,Mississippi,,,,,,,,,,,,,,,,,,,,,$N,$N,,,,,,,,,,,,,,,,,,,,,,,,,,,,,,,,,,,,,,,,,,,,,,,,,,,,,,,,,,,,,,,,,,,,,,,,,,,,,,,,,,,,,,,,$(X),,$(X),,$(X),,$(X),,$(X),,$(X)
0400000US29,29,Missouri,,,,,,,,,,,,,,,,,,,,,,,,,,,,,,,,,,,,,,,,,,,,,,,,,,,,,,,,,,,,,,,,,,,,,,,,,,,,,,,,,,,,,,,,,,,,,,,,,,,,,,,,,,,,,,$(X),,$(X),,$(X),,$(X),,$(X),,$(X)
0400000US30,30,Montana,,,,,,,,,,,,,,,,,,,,,$N,$N,,,,,,,,,,,,,,,,,,,,,,,,,,,,,,,,,,,,,,,,,,,,,,,,,,,,,,,,,,,,,,,,,,,,,,,,,,,,,,,,,,,,,,,,$(X),,$(X),,$(X),,$(X),,$(X),,$(X)
0400000US31,31,Nebraska,,,,,,,,,,,,,,,,,,,,,$N,$N,,,,,,,,,,,,,,,,,,,,,,,,,,,,,,,,,,,,,,,,,,,,,,,,,,,,,,,,,,,,,,,,,,,,,,,,,,,,,,,,,,,,,,,,$(X),,$(X),,$(X),,$(X),,$(X),,$(X)
0400000US32,32,Nevada,,,,,,,,,,,,,,,,,,,,,,,,,,,,,,,,,,,,,,,,,,,,,,,,,,,,,,,,,,,,,,,,,,,,,,,,,,,,,,,,,,,,,,,,,,,,,,,,,,,,,,,,,,,,,,$(X),,$(X),,$(X),,$(X),,$(X),,$(X)
0400000US33,33,New Hampshire,,,,,,,,,,,,,,,,,,,,,$N,$N,,,,,,,,,,,,,,,,,,,,,,,,,,,,,,,,,,,,,,,,,,,,,,,,,,,,,,,,,,,,,,,,,,,,,,,,,,,,,,,,,,,,,,,,$(X),,$(X),,$(X),,$(X),,$(X),,$(X)
0400000US34,34,New Jersey,,,,,,,,,,,,,,,,,,,,,$N,$N,,,,,,,,,,,,,,,,,,,,,,,,,,,,,,,,,,,,,,,,,,,,,,,,,,,,,,,,,,,,,,,,,,,,,,,,,,,,,,,,,,,,,,,,$(X),,$(X),,$(X),,$(X),,$(X),,$(X)
0400000US35,35,New Mexico,,,,,,,,,,,,,,,,,,,,,$N,$N,,,,,,,,,,,,,,,,,,,,,,,,,,,,,,,,,,,,,,,,,,,,,,,,,,,,,,,,,,,,,,,,,,,,,,,,,,,,,,,,,,,,,,,,$(X),,$(X),,$(X),,$(X),,$(X),,$(X)
0400000US36,36,New York,,,,,,,,,,,,,,,,,,,,,,,,,,,,,,,,,,,,,,,,,,,,,,,,,,,,,,,,,,,,,,,,,,,,,,,,,,,,,,,,,,,,,,,,,,,,,,,,,,,,,,,,,,,,,,$(X),,$(X),,$(X),,$(X),,$(X),,$(X)
0400000US37,37,North Carolina,,,,,,,,,,,,,,,,,,,,,,,,,,,,,,,,,,,,,,,,,,,,,,,,,,,,,,,,,,,,,,,,,,,,,,,,,,,,,,,,,,,,,,,,,,,,,,,,,,,,,,,,,,,,,,$(X),,$(X),,$(X),,$(X),,$(X),,$(X)
0400000US38,38,North Dakota,,,,,,,,,,,,,,,,,,,,,$N,$N,,,,,,,,,,,,,,,,,,,,,,,,,,,,,,,,,,,,,,,,,,,,,,,,,,,,,,,,,,,,,,,,,,,,,,,,,,,,,,,,,,,,,,,,$(X),,$(X),,$(X),,$(X),,$(X),,$(X)
0400000US39,39,Ohio,,,,,,,,,,,,,,,,,,,,,$N,$N,,,,,,,,,,,,,,,,,,,,,,,,,,,,,,,,,,,,,,,,,,,,,,,,,,,,,,,,,,,,,,,,,,,,,,,,,,,,,,,,,,,,,,,,$(X),,$(X),,$(X),,$(X),,$(X),,$(X)
0400000US40,40,Oklahoma,,,,,,,,,,,,,,,,,,,,,$N,$N,,,,,,,,,,,,,,,,,,,,,,,,,,,,,,,,,,,,,,,,,,,,,,,,,,,,,,,,,,,,,,,,,,,,,,,,,,,,,,,,,,,,,,,,$(X),,$(X),,$(X),,$(X),,$(X),,$(X)
0400000US41,41,Oregon,,,,,,,,,,,,,,,,,,,,,,,,,,,,,,,,,,,,,,,,,,,,,,,,,,,,,,,,,,,,,,,,,,,,,,,,,,,,,,,,,,,,,,,,,,,,,,,,,,,,,,,,,,,,,,$(X),,$(X),,$(X),,$(X),,$(X),,$(X)
0400000US42,42,Pennsylvania,,,,,,,,,,,,,,,,,,,,,$N,$N,,,,,,,,,,,,,,,,,,,,,,,,,,,,,,,,,,,,,,,,,,,,,,,,,,,,,,,,,,,,,,,,,,,,,,,,,,,,,,,,,,,,,,,,$(X),,$(X),,$(X),,$(X),,$(X),,$(X)
0400000US44,44,Rhode Island,,,,,,,,,,,,,,,,,,,,,$N,$N,$N,$N,,,,,,,,,,,,,,,,,,,,,,,,,,,,,,,,,,,,,,,,,,,,,,,,,,,,,,,,,,,,,,,,,,,,,,,,,,,,,,,,,,,,,,$(X),,$(X),,$(X),,$(X),,$(X),,$(X)
0400000US45,45,South Carolina,,,,,,,,,,,,,,,,,,,,,$N,$N,,,,,,,,,,,,,,,,,,,,,,,,,,,,,,,,,,,,,,,,,,,,,,,,,,,,,,,,,,,,,,,,,,,,,,,,,,,,,,,,,,,,,,,,$(X),,$(X),,$(X),,$(X),,$(X),,$(X)
0400000US46,46,South Dakota,,,,,,,,,,,,,,,,,,,,,$N,$N,$N,$N,,,,,,,,,,,,,,,,,,,,,,,,,,,,,,,,,,,,,,,,,,,,,,,,,,,,,,,,,,,,,,,,,,,,,,,,,,,,,,,,,,,,,,$(X),,$(X),,$(X),,$(X),,$(X),,$(X)
0400000US47,47,Tennessee,,,,,,,,,,,,,,,,,,,,,$N,$N,,,,,,,,,,,,,,,,,,,,,,,,,,,,,,,,,,,,,,,,,,,,,,,,,,,,,,,,,,,,,,,,,,,,,,,,,,,,,,,,,,,,,,,,$(X),,$(X),,$(X),,$(X),,$(X),,$(X)
0400000US48,48,Texas,,,,,,,,,,,,,,,,,,,,,,,,,,,,,,,,,,,,,,,,,,,,,,,,,,,,,,,,,,,,,,,,,,,,,,,,,,,,,,,,,,,,,,,,,,,,,,,,,,,,,,,,,,,,,,$(X),,$(X),,$(X),,$(X),,$(X),,$(X)
0400000US49,49,Utah,,,,,,,,,,,,,,,,,,,,,,,,,,,,,,,,,,,,,,,,,,,,,,,,,,,,,,,,,,,,,,,,,,,,,,,,,,,,,,,,,,,,,,,,,,,,,,,,,,,,,,,,,,,,,,$(X),,$(X),,$(X),,$(X),,$(X),,$(X)
0400000US50,50,Vermont,,,,,,,,,,,,,,,,,,,,,$N,$N,$N,$N,$N,$N,,,,,,,,,,,,,,,,,,,,,,,,,,,,,,,,,,,,,,,,,,,,,,,,,,,,,,,,,,,,,,,,,,,,,,,,,,,,,,,,,,,,$(X),,$(X),,$(X),,$(X),,$(X),,$(X)
0400000US51,51,Virginia,,,,,,,,,,,,,,,,,,,,,,,,,,,,,,,,,,,,,,,,,,,,,,,,,,,,,,,,,,,,,,,,,,,,,,,,,,,,,,,,,,,,,,,,,,,,,,,,,,,,,,,,,,,,,,$(X),,$(X),,$(X),,$(X),,$(X),,$(X)
0400000US53,53,Washington,,,,,,,,,,,,,,,,,,,,,,,,,,,,,,,,,,,,,,,,,,,,,,,,,,,,,,,,,,,,,,,,,,,,,,,,,,,,,,,,,,,,,,,,,,,,,,,,,,,,,,,,,,,,,,$(X),,$(X),,$(X),,$(X),,$(X),,$(X)
0400000US54,54,West Virginia,,,,,,,,,,,,,,,,,,,,,$N,$N,$N,$N,,,,,,,,,,,,,,,,,,,,,,,,,,,,,,,,,,,,,,,,,,,,,,,,,,,,,,,,,,,,,,,,,,,,,,,,,,,,,,,,,,,,,,$(X),,$(X),,$(X),,$(X),,$(X),,$(X)
0400000US55,55,Wisconsin,,,,,,,,,,,,,,,,,,,,,$N,$N,$N,$N,,,,,,,,,,,,,,,,,,,,,,,,,,,,,,,,,,,,,,,,,,,,,,,,,,,,,,,,,,,,,,,,,,,,,,,,,,,,,,,,,,,,,,$(X),,$(X),,$(X),,$(X),,$(X),,$(X)
0400000US56,56,Wyoming,,,,,,,,,$N,$N,,,,,,,$N,$N,,,$N,$N,,,,,,,,,,,,,,,,,,,,,,,,,,,,,,,,,,,,,,,,,,,,,,,,,,,,,,,,,,,,,,,,,,,,,,,,,,,,,,,,,,,,,,,,$(X),,$(X),,$(X),,$(X),,$(X),,$(X)
0400000US72,72,Puerto Rico,,,,,,,,,,,,,,,,,,,,,$N,$N,$N,$N,,,,,,,,,,,,,,,,,,,,,,,,,,,,,,,,,,,,,,,,,,,,,,,,,,,,,,,,,,,,,,,,,,,,,,,,,,,,,,,,,,,,,,$(X),,$(X),,$(X),,$(X),,$(X),,$(X)
